PCE_RMSE,PCEDG_RMSE,PCES_RMSE,PCEF_RMSE,PCE_MAE,PCEDG_MAE,PCES_MAE,PCEF_MAE,R-Squared_Target
1123.596519,68.57338215,951.1962171,43.9308782,979.9880113,57.48048508,834.9774176,37.37150645,0.3
