Spending Category,GDP_Growth_Corr,CCI_Corr
PCE,0.19400649722867322,-0.576913704
PCEDG,0.066004809,-0.518061137
PCEF,0.2036735233414918,-0.573170526
PCES,0.22433060549343947,-0.595608963
